Document,Class
got my first speeding ticket ln at 344 AM amp I was drunk af,y
  I was only in it to get Jobs Daughters drunk I am an Atheist I brought blender to the parties and bartended,n
 lmfao I wasnt drunk you fool  It was like 4 AM I was tired,n
A year ago today I started my third freshers week and was getting very drunk Tonight I am folding my clean washing graduateproblems,y
And the only accurate part of your tweet was hes a drunk who doesnt know who I am Youre not disappointed You dont know me ,n
Lars took over the DJ booth and was drunk off his butt  He was teaching me Dutch  I am sure what he was telling me the wrong words ,n
Imagine I was still drunk telling you this stuff,y
 haha I was in baddd condition this morning Undoubtedly still drunk when I went into work at 8 AM ,y
Everyone on my snapchat was apparently drunk last night And here I am wellrested and shit,n
im sorry but any football fan who thinks it was NOT a touchdown for the 49ers has no idea what theyre watching or am i drunk,n
 have a little faith I was good when I played w JZ The more drunk I am the better I play lmao amp the wall shot was unbelievable,y
no matter how much shit youre in you never leave a drunk friend alone out i am disgusted by how i was treated by my friend,y
 damn I was pretty drunk when I responded to this amp what an idiot I am That made no sense haha,y
 oh I am I really fucking am I was too drunk to do anything last night but today I got time cuhs Lol,y
 Am I drunk I SWEAR THAT WAS JUST TEA,n
Its brewfest in WoW and I was also in queue for heroics I am 100 blurry screened drunk and I cant see shite ayy lmao,y
Got drunk last night and ended up sleeping in my aunt driveway until I was able to drivel,y
and i fell asleep at 4 am Besides the night before i went out and i was kinda drunk so i slept nothing too,y
I am no mortal man alcohol has no effect on me  Max Keenan Sept 19Holy fuck I was so drunk last night     Max Keenan Sept 20,n
I was so drunk last night I slept in my aunts driveway Woke up around 7 and managed to drive home,y
i was honestly afraid something might happen on my way home bc its dark and there are a bunch of drunk ppl at the beach but here i am,n
Ash was so drunk last night that she started eating grapes with ranch I am done,y
I was to drunk last night that I knocked out on the bus stop Woke up at 6 am to take uber home lmfao,y
I had a drunk old lady yell at me while I was running telling me that I am not pretty,n
  was meant to say I am not drunk how dare you,n
 i was gonna walk back drunk at 4 am but then someone gave me a free promo code,y
 I even told eunice  I was like does she look like marina or am I just drunk  Shes like oh shot she does,n
What am I seeing David Cameron had sex with a dead pig Wow I feel better after all the ugly girls I picked up when I was drunk,y
I was drunk af yesterday to the point I didnt think I could drink today but here I am drink in hand ,y
jenny if the question was what am I Id have to say drunk,y
all JaQwun did was make me laugh  bully me  amp peer pressure me to get drunk oml he turned me into the alcoholic i am today RIPJQ,y
Stephen was drunk as fuck and said HOOOOOKAY Im like  Am I back in Hawaii u fucking idiot,n
Getting drunk before trying to do homework was definitely not on the agenda tonight but I guess its happening,y
z94 omg dont be I was being a drunk brat last night I didnt even know I tweeted thisI am not even mad about it ,y
Good morning so I dreamed that I was watching South Park till 325 am while beeing drunk What,y
I do so much random shit I was DJn on Saturday  amp my boss got me drunk amp I havent slept in 24 hours  What am I doing,y
Can I just say how happy I am that drunk history was nominated for an Emmy,n
I started singing the Arthur theme song for no apparent reason and Taylor thought I was drunk but I am not,n
  look I am drunk and an unrepentant ambrollins shipperIt was bound to happen,y
Wow I was extremely drunk last night and I am sore everywhere and have bruises everywhere and I dropped my phone on my face wow,y
On Sat some drunk dude okay am assuming his was  Stood in middle of the road n peed uncircumcised dick n all I wanted to run him over ,n
When I enrolled last year I was in the exact same position as what I am now  still drunkhungover ,y
Getting almost black out drunk the night before work was such a bad decision I am dying,y
im never getting drunk again i was supposed to go home straight from bloc bar and here i am fucking drunk at 8am i wanna kill myself wtf,y
I was out until 4am Sunday morning and got drunk KFC I am still feeling that in my stomachMoral of the story How good is KFC,y
I was literally drunk for 95 of second year and idk who I am anymore lol its probably an improvement really isnt it,y
Just caught up with 4Corners Am I the only one who thought Costello grew progressively drunk He was bloody hilarious,n
 I am fully willing to admit I got drunk because Im am idiot Was not aware Not Your Fathers Rootbeer was beer until 3 deep,y
 he was drunk and shouting and waving his arms aggressively like i dont have a baby i am a baby,n
I spent 70 at Phils In case you were wondering just HOW drunk I was  still am,y
Am I the only one that thinks that tape was alright was expecting a little better ,n
Woke up for my 8 AM thinking I was still drunk HappyMonday,y
 I am first to admit that game was like watching 2 drunk elephants try to have sex and we have no good players on offense,n
i was drunk last night amp I was lurking through my ex page amp realized how petty I am,y
I am really really sad and feel hella stupid Whatever At least I was able to get super drunk with Caitlin last night and watch the PPV,y
 I was drunk at 2 am and only watched the first 15 minutes and was not entertained,y
 no sir I am currently in a lecture  I wish I was drunk,n
 it was idk why stopped idk of an update stopped her I love talking to Siri ESP when I am drunk she is funny lol,y
 Am I drunk I SWEAR THAT WAS JUST TEA,n
I was so relaxed and drunk an hour ago now I am sober and Grumpy and I CANNOT SLEEP,y
Keri I read drink as drunk and was like youre already drunk go home But maybe I am K bye,n
 I will have you know that I am not an alcoholic I was a drunk and there is a vast difference,y
Being the good daughter that I am I was the dd for a bunch of drunk firefighters Cant say I didnt have fun DancePartyCentral,y
 haha I still am I was just pretty drunk that night and your snake seemed better than other snakes,y
Girlz  and in case you didnt notice I am drunk the 1st tweet was a disturbance in the force,y
I was in a bus for like 4 hours and the only thing I realized was how sad I am and that I need a drink I fucking need to get drunk,n
 last time I was drunk I tried to crowd surf you and dropped you omg I am a mess,y
i have come back from a bar and now i am eating pasta drunk in bed this is the life i was born to live,y
Tell me why I left a party at 1 am drunk thirty minutes away just because all I could think about was your ass,y
once at a university party I kissed a chickpea I was drunk it didnt mean anything and I am sorry I hope it wont affect my future career,y
am I on the bed it thought I was on the couch this entire time drunk carly,n
Why do people ask How was work Likework is workId rather be drunk on a yacht being hand fed grapes by underwear modelsbut here I am,n
i swear to Drunk Eye Am NoT God amp thank God for that because if I was I would send all yall with da hot One,n
 yes so glad cuz Im like how tf am I gonna find this rad Sierra chick I was drunk af with ,y
I let basically a stranger walk me home last night I was so drunk I am stupid af ,y
I wish I was drunk but no nigga I am not,n
I am noy as drunk as i was Ns twt i fell extewmely dizzyYouths dribk reponaobly,y
am I on the bed it thought I was on the couch this entire time drunk carly,y
i just received all my voicemails and i had one from Jack when he was drunk and i am still laughing,n
pretty sure I was still drunk when I went to my 8 am class this morning college,y
 hahah the hoody incident was a joint thing i am not getting the blame for that ok hahaha and youre always emotional when drunk ,n
My ex texted me at 0200 last nightasking me am i okayi drunk texted her fridaybut that was days ago,n
ohhhh four was the album name bc they had quadruplets and now theyre telling them that the were made drunk in the am fam I cracked it,n
I wish I was drunk all the time Im just a better person when I amFabi ,y
hangover means I was drunk ytd not today when I am at work u dunno me I can drink till 3am  get up at 5an amp be at work at 7am DBZ,y
Woman came into work drunk n started telling me am a great lassie n how she wished I was hers all cos a showed her where the soda water  was,n
 I was just scrolling down amp saw this tweet amp was like am I drunk or did I tweet this but then I noticed we just have same pic,y
i AM SO SORRY if you think using i was drunk as an excuse for fucking up is an okay thing to do it must be hard to be so stupid ,y
i dont think i have ever offended anyone here if i have then i am sorry i was probably drunk,y
  230 AM drunk in NYC and I needed something to eat and you know who was there for me when others werent Taco Bell,y
I wish I was as out going and funny as I am when Im drunk,y
  considering I was drunk at 7pm on a Tuesday I dont think I am  haaaaaalppppppppp,y
I accidentally scheduled my trip to NYC for the same day  leaves Was hoping to share some drunk shawarma at 3 am but I guess not,n
I was in class for 7 minutes I am drunk Its very obvious bela,y
Lol I was a little drunk when this all happened and I am giving little bit update I dont even know what is happening all I know is infinity,y
  am drunk and I told Erin I was confused,y
i was like how am i high right now am i drunk am i smoking a cigarette no so how is this breaking edge,y
ugh why am I so sad  I just want my baby to be happy from what I saw he was insecure and worn out not hahah so funny high and drunk omg,n
I am drunk and lost and sad and surrounded by freshers I wish this was London,y
WAS I DRUNK THE ENTIRE TIME WHAT THE HELL DID I EVEN TWEET OH LORD HARRY I AM A GOOD GIRL I SWEAR,y
its 1 am and i just remembered i kissed a dude i didnt know on the cheek when i was drunk,y
Six  i was so wild today i am going to be so drunk with kron from BEER,y
I was so drunk I was talking to a duck at 3 am ,y
When people remind me how drunk I was on my 20th birthday and I am like I wasnt that bad  and they start to laugh,y
Last night I met my future doctor at a Fetty Wap concert he was clearly drunk and I clearly am in good hands ,n
 He yelped louder as he replied tightening his grip II am Master Dante Im aall yours He was completely drunk at,n
She said they having a good time but her drunk friend is knocking back shots wthe date And he is just chatting her up,n
OK new plan Gonna get super drunk and then pay one of you to rip out all of my wisdom teeth Everything must go,y
   drunk voice fight me,n
How do some of you drink at least 3 days of the week and still get drunk after 3 beers,y
Drunk me put a small extension cord in the freezer last nightSober me is in the process of thawing it out,y
All I want to do is go to Epcot get drunk and hit on a DisneyPrincess Is that a lot to ask,n
babbyyyyyyy is u drunk is you had enough ,n
 r u drunk m8,n
Can we get drunk togheter please  LayItAllOnMe ,n
Pasta salad drunk,n
Drunk Munchies ,n
He holds me in his big arms drunk and I am seeing stars This is all I think of,n
Lol P say i was drunk and let this thot spend the night but slept in my bed and not the let out I dont remember i waz really drunk lmao,y
Lankford said his dad didnt like Compton there because he was often drunk arguing with Jones,n
09154812939  call me ngayon lang totalk to me while im drunk ,y
Day of AtonementCan we forget about the things I said when I was drunkI didnt mean to call you that,n
 no I just heard that you are way to happy when you are drunk,n
No clue where to have my Wednesday drunk brunch lunch at Cuz you know food snob and all,n
 Drunk I have to admit I really prefer the look of the first By a lot but 100a lot I dunno ,n
 You crazies have fun Dont get too drunk p,n
Drunk driving is just stupid nothing good can come out of it,n
 ITS BECAUSE OF YOU AND THIS GODDAMNED VIDEO THAT I EVEN KNOW THIS SONG EXISTS GO HOME BACKUP HUSBAND KEHA IS DRUNK,n
barbara correction I been drunk since yesterday,y
Uber has always seemed like the bestworst idea to me You wont be driving drunk But youll be in a strangers car out of your right mind,n
Woke up drunk but I woke up in vegas so Im good anniversary what to do what to do,y
Im always trying to go off on somebody when Im drunk,y
She was ready to go bc the girl drove Not sure why she let the drunk drive them there but anyway Drunk girl told her she wasnt ready,n
wags was I drunk when I tweeted this,y
Some girl came up to me during school amp says Do you remember me At Rosies at 4am you said I was your best friend I get drunk too much,n
 Even drunk the boy was driven And boy was he catching up Fast,n
How is it possible that i am still drunk at 4pm the next day ,y
Im getting drunk for the ride tomorrow Lake Tahoe be buggin,y
Finding Lexs black out drunk voice mails she left me when we lost each other at the barn just made my entire day  ,n
Im definitely getting drunk to Diamonds Dancing this weekend,n
Its 9 am but who wants to get drunk ,y
Farhan and I talk bre shit when were drunk,y
if i took a shot for every selfie stick within 50 feet of me i would be very drunk in times square right now,y
 Drunk Exactly,n
Andy   I already issued a disclaimer on week two that I was drunk when I made that prediction Drunk on optimism,y
bathroom mirrors let u know how drunk u are if yr asleep etc  magic place,n
 thats what I did  I drunk it for like a hour before I went to take it ,y
Never get drunk again  I got a bad hangover amp I gotta work,y
Tonight Im getting so drunk idc ,y
 are you drunkSarahOnABender,n
When I know Im Finnah go out  I put a otterbox on my phone ion even play cause I know Im down to be drunk amp damn near crack my shit,y
Can we get drunk together Please  LayItAllOnMe ,y
Ahhh Im too drunk to see Pink Elekk Reference to Dumbo movie XD ,y
Tip 7 Get so drunk you have to be walked home by your SU then TRY AND PUNCH THEM FOR HELPING,n
Honesyly  is my favorite Did yall see her on drunk history last night Got that shit on loop YAAAAAAAS,n
i told him im curious of how it feels like to be drunk andi got scolded hahahaha i was kidding btw  ,n
Damn I Was Truly Drunk Out Of My Mind,y
 you must have been drunk last night and didnt know,n
I GOT A 77 ON MY MATH EXAM SWEET JESUS SOMEONE IS GETTING DRUNK TONIGHT ,y
Ima be looking bout drunk af at work today ,n
Im still drunk scareapatientin3words,y
sum Someone acted out in the parking lot and officer Dedeaux realized he did it cause he was drunk so they searched the bus,n
 Ive heard Ive only bumped Maria Im Drunk so far though,y
 yeah i signed up for a laugh  did the frisat drunk shift made some decent cash  i liked it a lot actually,y
 get drunk for me,n
go delete yourself systemd youre drunk,n
Thug verse on Maria Im Drunk really top 5 of this year,n
youre drunk when you start speaking German,n
the only notifications Im getting from Facebook are friend requests bc clearly my drunk self wants to be friends w everyone I meet,y
I am ugly drunk but I am uglier soberUghhh i love you louise meets  good effin poet ,y
I found Luhan I think hes drunk or smth Ill take this as krishan cause Im so desperate ,n
Yo ahh drunk,n
Shit its really hard to keep yourself in control when you wanna have sex so much and your ex is drunk and wanna come by Damn,n
 u drunk asl what team u think are good,n
 drunk and started dying i inhaled it like it was a blunt,y
   yoongi youre drunk I dont want to fiGHT ME YOU OVERGROWN LUMP OF MUSCLE swing and a miss,n
 I need u to make a run with me at 6,n
Talks shit about my dog getting drunk because my party got out of control But you get your cat high everyday lol,n
I understand why people do drugs or get drunk after a break up Who wants to feel their heart breaking merightnow,n
  Drunk vinod Mehtas spirit Rted it ,n
Running back drunk to the house from the beach was a bad idea we all ate shit at the same time,y
No one forced that goat to get as drunk as it got Thats on him  Chanel,n
Drunk on watermelon MinaBot,n
Opening a beer bottle with your teeth Cool party trick or trashy,n
im that drunk girl that goes around telling everyone theyre beautiful smh,y
Im blowed an drunk at work ,y
 Be drunk and have fun Numb yourself to reality and making a difference,n
Dosani     consider me honoured  lets all get drunk and eat burgers,y
 Ok which is it he was a druggie or drunk get your story straight Joanna,n
 you are normally the smelly drunk arent you ,n
what is drunk history about,n
She betts leave me alone cuz im Rey slap her tracks loose Lor drunk bitch ,n
Fall go home youre drunk Its still hot as fuck outside,n
 no problem Much appreciated I watched your intro drunk video so far haha,n
So my coworker ends up calling an uber at 9pm and going home alone He date stayed with the drunk friend ,n
np Travi Scott x Young Thug x Justin Bieber  Maria Im Drunk,n
Drunk wish to be an isla lipana associate,n
Daily goals1 Go to Work2 Piss of the boss3 Get drunk4 Repeat,y
Getting drunk  cleaning my room ,y
 shut up Im fucking drunk because m o k a bought me drinks and godddd I hate you,y
Man in court charged with drunk driving Judge wha yuh was drinking soMan white oakcourt erupts into laughter,n
If I took a shot for every time someone told me I was too tiny for my job Id be drunk at work every day,y
 food  callum just reminded me of the time i ate a pizza off the floor drunk and now Im deceased,y
Gonna be drunk at that marlins game today forsurs,y
When youre not yet at the hangover stage because youre really still drunk fuck,y
But people might mistake it for 10 while drunk,n
 haha does that mean both,n
Is luhan drunk lol ,n
what is gtammar lol eunji are you drunk,n
Im getting so drunk tonight,y
my stomach burns the room is spinning may still be drunk,y
  YESTERDAY sorry Im drunk,y
Ill be drunk texting you,n
So tired I feel drunk,n
When we came out all eyes were on us We didnt care We were intoxicated We were drunk off fulfilled lust,n
The only way to cure a hangover is to get drunk,n
 YOU MUST HAVE BEEN DRUNK AND DIDNT REMEMBER,n
Keep on drinkin till you make me drunk ,n
 right there with ya Like during the FB chat yesterday One of the 1st questions was r u drunk Like what ,n
Drunk Bitch be Trippin,n
 Cedd lol yeah yall drunk obviously,n
meyer I can attest I was there when  was really drunk cause I was really drunk 2,y
reaad  yall were drunk as shit,n
The only people up at 3 am are in love lonely drunk or all three,n
I was way too drunk last night my snap story is not okay ,y
 You dont even stream anymore and youre drunk fgt LOL,n
i just drunk all my sprite ,n
Never again will I get drunk during the week ,y
talkin bout you pregnant you can get off my line so you must be drunk shorty,n
Luhan is drunk ,n
Being drunk by noon would be kinda lit,n
Is it socially acceptable to go get drunk right now,n
  i want streamed footage of Ross getting drunk and saying things with the accent,n
 theyre drunk talking naaa haha ,n
preview drunk ,n
Osama Bin Laden is dead Excellent excuse to get drunk,n
  truthhhhh  so drunk or nah cause only drunks kids amp angry tell the truth,n
Job gave out free monster energy drinks I dont even drink energy drinks I drunk this 1 and I feel so Crunk Lil Jon would be so proud,n
kinda wanna get drunk,n
 May sure you pay BEFORE you get drunkyou dont want to wake up and realize you overpaid,n
Bought myself a pack of straws to keep at school bc I hate when drunk touches my teeth,n
Im drunk,y
Studied my ass off for my mind to go blank on the exam Fuck me right Ima get drunk now,y
I think drunk baebae is my favorite thing to watch on snapchat ,n
The poets are getting drunkAnd the homeless are writing poetry,n
 I love this idea but what is going to stop a drunk fan from going in there and passing out jerking it going to the bathroom,n
 im just going to go get drunk play videogames and forget about all this shite,y
Get drunk tomorrow and fine you a boo in the party guys It just hit fall catch this cuffin bus ,n
 YOU MUST HAVE BEEN DRINKING AND DINT REMEMBER EVEN PURCHASING SAID DRINKS AND THEN GOT DRUNK ABD ERASED YOUR MEMORY,n
Elementary School he told me to Middle School it was a dare High School I was drunk,n
04 there was more in the bag behind it Besides Ive drunk them now and now in the pub,n
 I wanna come and get drunk fml,n
 GO TO BED PROVIDENCE YOURE DRUNK LOL,n
 Seriously is she drunk Off her rocker Or just a hateful bigot,n
I come home after catching up with friends I may be drunkMum I can tellMe howMum because you smell like itIve learnt noting,n
 were u drunk last night with olly,n
Drunk,n
lol Luhan are u drunk ,n
Never experienced anything so painful as being drunk and my contacts ripping in my eye yummy,y
Well I was excited to watch AndyampAmanda talk about Big Brother while drunk until you guys started bashing Dan I hate both of you now ,y
When ur drunk but not drunk enough to deal with your side hoes lol,n
 v drunk and loving in Bowery last night   edwards28 ,n
  to drunk again  ,n
  theres definitely alot of that If i ever meet you in real life Im going to get you drunk and get all the info from u,n
Call ur friends and lets get drunk,n
If you get drunk and dont regret anything the next day then something is wrong with the way you drink,n
I am fed up and heartbroken by how many girls I speak to who tell me their boyfriend got them drunk to have sex with them,n
Lol I look soo drunk but we both look so thug ,y
 amp Willman are joining us on  talking about the viral success of their Drunk History 12ET ,n
 heeey Getting drunk is fun af You havent done it yet,n
Theres a car on campus thats crashed to prevent drunk driving and Alisons car is honestly in worse condition,n
22 when youre drunk in the backseat and a cop pulls you over,n
I used Bing and I feel like I cheated on Google Like I got drunk kissed my girls coworker and then said I gotta get the fk outta here,n
i love drunk girls in bathrooms theyre so nice they tell u how pretty u are and become ur bff for two minutes that ur in the bathroom,n
drunk norah likes cooking and Melanie Martinez ,n
Popcorn tattooists barbers lollies and many drunk studentsIt can only be Sketchy Im on in 30mins itll be nice to play this stage solo,n
 but that baby is still being ripped apart You didnt give that one a chance What about incest What about a drunk night,n
Celebrating my birthday next month with Keyon in LA I prolly just get drunk this weekend and play 2k16,y
Ive just been asked what Im being for Halloween and my exact response was drunk,y
I want you na na Drunk in looooove,n
Go home  youre drunk,n
Theres one thing I cant stand when Im really drunkUp,n
I am so in love with drunk niall ,y
Lmfao this girl came to class drunk  talking about lets skip class to get chili cheese fries ,n
Wasnt even a happy high last nightjust an emotionalsad high If that was the case I wouldve just gotten drunk ,n
I cant wait to let lose and get drunk With my fellow Alumni I miss Florida,y
Apparently I was that drunk on Saturday that I had to remind myself hahahahqhq ,y
 LoBeatdown The last time I sat under a bush cake smeared all over me smiling like that I was drunk as a skunk,y
leetaylor the more I look at this picture the more drunk I think I look ,n
We was drunk by this time ,y
Ill be drunk before 12,n
Youre out half the night youre drunk amp you got a tattoo what did you join the navy too  LMAOOOOLL,n
Im so drunk but fuck me we are brilliant today  AsOne SCOvJAP backingblue,y
Maria Im drunk is so trashy I want it off the internet almost as much as those pictures of Justin looking for girls with a flashlight,y
Hes drunk today  ,n
 radio Trailer Park Boys is the best drunk andor high show,n
Babyyyy is you drunk is had enooughh are you here looking for lovee OUHH                 baby daddy Breezy,n
Going to work drunk,y
This weekend go bowling get drunk clean up amp nail salon goals,y
Wholia yo I was drunk off my ass in McDonalds and some guy came in on some and apparently they make adult sizes,y
Lets get drunk while were young,n
gambillturn in your badge Youre drunk ,n
Twitter Your tweet to  did not sendMe But she already replied to that exact tweet Go home Twitter youre drunk,n
 thanks  Get extra drunk tonight you deserve it,n
22 But then youre on the treadmill like I shouldnt be on the treadmill when Im drunk I could get pulled over profquotes,n
Almost adult  lets go for a drinkOr twoGot you drunk while Im drunk in you ,n
 BLUNTMAN you guys were in Florida drunk af Same night you guys called me,n
 gone have ur ass so drunk,n
Typical  drunk at 2 in the afternoon ,n
Baby is you drunk cause you had enoughAre you here lookin for love,n
You know you were drunk the night before when you wake up in socks,n
ok i havent been that drunkthis hungover since my 21st birthday,n
Drunk On Starbucks But Not Loving It At McDonalds  Forbes,n
Jazzyy a drunk aint shit ,n
 gila in a good way ily drunk guy,n
   You dont even need to get him drunk Just ask him It works for the people in twitch chat,n
I must admit the best part of getting drunk here is watching guys trying to dance ,n
cal looked a little drunk last night uhwbjke,n
   No 6 was meand in my own defense I was really drunk that morning Like really drunk,y
TGM went to young life drunk IDK who u r but please worry about ur self and if ur going to make stuff up make it make sense  pathetic,n
Countdown to Puck Drop is presented by the NH Highway Safety Agency Remember Buzzed Driving IS Drunk Driving,n
 and the drunk fun friend at that,n
America well you need an acquisition and a carrying license  automatic weapons are banned in Switzerland,n
I would rather have an MIA deadbeat father than the drunk deadbeat and abusive one I have any day,n
14 amp dont get too drunk tho ma girl the hangovers arent very good My god im old or theyre too young  ,n
OMG my professor said he had a dream he was drunk w his friends amp he thinks it made him wake up hungover,n
I aint been tht drunk since bliss with Gutta and Heavy couldnt drive home then and could drive home last night ,n
When your mom drunk calls you at midnight ltltltltlt,n
I called this nigga ARGERA on some drunk shit last night lol,n
Well I got drunk last night,y
Fighting back puking in the mall today  initiate step 2 of drunk ,y
Go home Google youre drunk ,n
America America should at least do that,n
dayIm clearly drunk,y
lmfaooooo i said war of drugs i b drunk,n
 go home ur drunk,n
Do you ever think about all of the really nice drunk girls youve met in the bathrooms and wonder how they are doing I miss you all ,n
First day of fall i cant wait to go on hayrides with my best friends and carve pumpkins and get drunk off my ass ,y
call your friends lets get drunk,n
I shouldnt be allowed to have a phone when Im drunk ffs I hate me,y
Are you fuckin drunk,n
 u aint da only one moebut me its cuz i b drunk n trappin dat i just dont sleep,y
This utility pole struck last PM by alleged drunk driver in Pelham Forced schools to close today NH1News ,n
Is Luhan really drunk ,n
Im working off of 1hr of sleep and im in class still half drunk and lit than bitch,n
i can get a little drunk i get into all the donts but on good days i am charming as fuck,n
Still wondering whether kishi was drunk or not when he made ss canon  ,n
 Im talking more about the drinking situation I guess if getting drunk every weekend is cool then youre hot shit,n
i think nobody except jaime will entertain me when im drunk ,y
Is it possible to still be drunk at 4pm,n
This utility pole struck last PM by alleged drunk driver in Pelham Forced schools to close today   via Tyler,n
 Lmao we keep fucking up this drunk snacking thing in new and creative ways,n
Drunk Out,n
 hi my love Its when you get drunk at a party amp sneak out without saying bye to avoid awkwardness and because u miss your bed,n
Angry Seahawk fan drives drunk assaults deputy,n
Todays the first day of fall as in falling down drunk cause its club season again ,y
DRUNK ON LOVE MTVStars Rihanna  Nicki Minaj  Lady Gaga  One Direction ,n
I want u to drunk text me I want u to think about me Please fucking think about me sometimes because the only thing I do is think about u,n
 yes remember we was drunk ,y
Why did I only take a bunch of photos on the day I was drunk af at shambhala,y
 drunk already Save me some,n
If you look like a drunk when you walk in heels you should not walk in heels,n
Did you hear the one about me being a drunk,n
holy shit I am drunk how am I gonna drive back,y
When your sleepy You might as well be drunk,n
Im mad drunk,y
 Because theyre drunk clearly,n
I might have drunk too much tea amwriting,n
EidKayDin b ugly he dikhon ga,n
happy birthday blondie hope youve had a fabulous day dont get too drunk  chandler,n
 hopefully he will allow me to get him drunk seeing as we wont even be in London,n
  ive stayed at white buff Mostly i just stay with relatives This is why im drunk in albia 90 of the time,n
Love how everyone uses freshers week to get drunk Im just sleeping and eating way too much TheStudentLife,n
whitneybrent  was this the same night you were drunk and broke your shoes ,n
apparently when Im drunk my snoring echoes and Aaron has to sleep on the couch ,n
Drunk in love,n
call ur friends and lets get drunk,n
   it is Hey at least your coach is not a drunk,n
BEEN DRUNK SINCE 10 AM I REALLY LIVE THIS,n
  Obiano is a drunk that Obi brought to government house to cover his deeds in banking sector and his deeds in Anambra state,n
I dont understand why drunk me always seems to have more money than sober me,n
 lets face it  anyone can debunk that argument that a drunk woman consented to rape which is a crime in itself,n
windows youre drunk ,n
 I hear you But you be catching me at my drunk times,y
Ive drunk so many lemon and ginger tea today and its not helping ,n
   Garroth Out Of Everyone That Could Have Come The Drunk Idiot Comes  Leaves ,n
I can make myself drunk off my brain,n
We should just get drunk  and fuck ,n
Ok I love my sister drunk But she getting way to drunk honest  Enough girl ,n
me flirting lets get drunk and talk about the federal government,n
Ines is an asshole when shes drunk ,n
I went to my old boyfriend we got drunk with his girlfriend,y
Drunk drive wit my niggas,y
  Of course We dont offer nonscented bleach If I drunk bleach Id definitely want the smell of flowers,n
 suppose on the plus side a can get drunk with ma parents,n
 n the 80s but ge played in Spain and he was a drunk he is very poor nowspent all his money drinking sad story,n
Maria Im drunk,y
I want to be drunk for Halloween,n
call your friends lets get drunk,n
Ha its always my fault that everyone gets too drunk,n
 wasnt even drunk really Just got cracked round the head,n
Writing is easier drunk but you NEED to revise it sober,n
Sometimes I forget I have a metalcore version of drunk in love on my phone and now I am laughing,n
 Happy blackout drunk day,n
Get drunk and whine about it with  goals,n
 the pope sounds like a drunk pedophile,n
Normal day lazy EidKayDin  super lazy,n
 haha Its the French verse from ELO Hold on Tight but Bing translate is drunk again Probably best I stick to English  xx,n
Drunk me isnt doing me any favors hiding my keys when Im late for work the morning after,y
Ive handled violent and drunk guests but I cant decide whETHER I SHOULD APPROACH THIS COSPLAYER ,n
Im still getting drunk as fuck at shannon and the clams because just because no questions Its done,y
the way I slowed Down drinking I just dont be wanting to get that drunk,y
 sooo lightly defended,n
this week has been a disaster for me so I cant wait to get drunk on Saturday ,y
 maybe hes drunk,n
I am just the worst drunk person ever,y
customer were too busy killing all the muslims,n
BeerAisle  literally it was just a drunk tweet gone too far,n
drunk but not in love ,y
 Sure thing my friend Need help getting to your room I dont want you crashing with how drunk you are haha,n
Am I a creep I jus drunk a beer on lunch so,n
 I hope so considering Ive only drunk tea today,n
high off her love drunk from her hateits like Im huffing paint and i love her the more i suffer i suffocate,n
EidKayDin sary cousin mil kr raita phelaty hain,n
 SLOPPY HANDJOBS AND DRUNK KISSES HELL YEH HELL YEH,n
Achievement is when youve not even got close to liquor in ages and you get to hear Youre drunk or what from like ten people 3,n
customer shes also being seriously sold to me in a 60 game about ESPIONAGE tooThe similarities between her and Quiet are uncanny,n
 I love the idea of an entire name change for your drunk self,n
The only way it is okay to go into an establishment ten minutes before closing is if youre obviously drunk and dont really know the time,n
 Just dont feed them they will die on their own,n
 Angela be super drunk this weekend,n
 wow I never drunk tweet mustve reached a new level,y
 Haha  Please add I drunk it   Beer,n
taking this test still drunk as usual,y
I wanna play Minecraft and get drunk,n
Please help my friend Olivia Winn She is an old drunk  Donations accepted  ,n
you looked drunk but very handsome a blurb for the back of my book from ,n
Errrr Only three types of people tell the truth kids drunk people and anyone who is pissed the hell off,n
Drunk innnn looooooooooove,n
 hahahaha clearly uv never met dawn shes gonny be throwin vodka at me she thinks am funny drunk she encourages it,n
 listen to you seems like your life is turning you into a drunk ,n
did bomi drunk,n
Instead of getting me drunk for my going away can everyone please just buy me condoms,n
Last year on my birthday I was drunk and single this year Ill be spending my birthday doing something amazing w the love of my life ,y
Missouri mum writes an open letter 1 year after drunkdriver killed husband and son Destiny Mantia from Lincoln County Missouri w,n
  I will even get us a hotel and u and kieren can go back and get drunk in it if u dont get in  I do it 4u,n
Our hearts were drunk with a beauty Our eyes could never see LegendaryWoman,n
Bleak House features Miss Flite who reveals her aristocratic desires by referring to having once drunk chocolate lsls15,n
It was 45 this morning with a high of 75 for the afternoon Go homeeeeee weather ur drunk ,n
He holds me in his big arms drunk and I am seeing stars this is all I think of,n
Cucumber sisters What does it mean It means weve drunk too much punch probably,n
Drunk  sounds like a great roommate,n
Cant wait for it to be acceptable to be drunk all the time,n
Sometimes I think my teacher is drunk because shes so crazy durning class,n
Drunk nights with good friends are what I live for,y
 drunk cause yuhh,n
Im to drunk for this shit ,n
Were seeing all over the world that there is a decline in drunk driving because of   David Plouffe CDNpoli,n
Blob Same here lol lets just go get drunk and get epic tramp stamps by epic I mean butterflies or some weird tribal thing,n
 yea I need to get really drunk and make you take me to breakfast so I can yell about dry toast at 5am,n
When bhangampbusaa was smoked and drunk openely in Cords rallyWhat an image of Cord principals was at play,n
Sorry Im just clearing out my drafts folder which seems to be filled entirely with jokes Ive half written while drunk,y
Walking like an egyptian singing like a drunk,n
Drunk as shit last night an woke up like ,y
Hey Maria Im drunk,y
We should just get drunk drunk amp  myMOod,n
Ben didnt think I was that drunk last night Poor him,y
Im getting drunk tonight Idc,y
Entirely too fucking drunk las night ,y
 very drunk however top Caroline hosting NYE,n
When ur super drunk ,n
Man I heard she is a drunk keekeeing ,n
Dont get drunk at family events  ,n
     this is too true,n
Connolly no hes an asshole when hes drunk,n
I got drunk from one margarita last night One,y
My anaconda dont my anaconda dont  My anaconda dont want none unless you got buns hun 8 very drunk,n
wake up drunk go to sleep fucked up,y
Need a big lunchgetting drunk tonight,y
Bam must be very drunk and have a really big stamina to dancing ,n
So excited for BB17 amp EmpireSeason2 tonight,n
The beginning of Maria Im drunk should of been like 4 minutes long,n
When he doesnt remember that he called you at 1am when he was drunk xD cutie,n
So what we get drunk ,n
     do yall see all mistakes Lmao I look like Im drunk most of rhe time,y
Ill probably be drunk on Halloween fix myself two plates on Thanksgiving and buy myself a pup and a record player for Christmas ,n
 why are you sinning so early in the dayalso just pour vodka in your ass you get drunk faster that way,n
Before you ask me to baby sit just know that i think kids are extra funny when theyre drunk,n
You were drunk I wasnt I remember you couldnt,n
 If you want it get it Only you know the answer Unless youre drunk In that case NO Or at least wait until tomorrow ,n
Probably shouldnt get drunk and lose my ID,n
The original drunk with thug and Travis  But the intro on Maria ,n
Shorty drunk,n
 If you dont like sluts thats on you Idc ,n
 Go sleep youre drunk,n
Once  seeing Southern Culture on the Skids a drunk spilled beer in my dates helmet Then they got onstage and got thrown out,n
Dont understand why females think being drunk every weekend is cute,n
Ill get drunk tho no hesitation lol,y
 okaaaaay lets get drunk tonighttttt,y
  Austen Im so glad my fellow Twitter people understand me ,n
 its legit Some need to pay a small fee which blows Most of the time its to get drunk or high on something cheap to forget ,n
smoking is 498094219x better than getting drunk,n
My hobbies include getting drunk amp loosing my earrings ,n
TBH the find friends thing that came w iOS 9 is actually super helpful when you and your friends are all drunk college students,n
judging by the way I type you might think Im always drunkyou may not be entirely incorrect,n
Ill be drunk texting you,n
   302 Wolf getting drunk and putting g make up on guys Im checking out of this conversation,n
Drunk photo booths never end well  ,n
 That new beer sounds good beer the kids took from daddy while he was passed out drunk then took the car amp got killed,n
bright MuR drunk goals ,n
I remember I was drunk on Twitter telling my followers to follow me on Twitter that shit was crazy cause somebody unfollowed me then,y
I got drunk on jelousy ,n
I want to get drunk and cook ,n
And get drunk  get tf outa here bitch ,y
  Ive sorted all this out many times whilst drunk Religion is the fear of something judging what you do,n
trulyYours friday gettn drunk Im havin a get togetha Saturdaygettin drunk goin to da icebreaker Sunday DRUNK goin to the D,y
this kid was literally just running to class im drunk and i would never,y
If you Iove something Iet it go if it doesnt come back drunk text it,n
if you want to get an idea of the kind of person i am i was drunk the first time i watched terminator 2 and i cried when arnold died,y
La Palet  is getting drunk Saturday  ,n
Im sorry but if you go get drunk on your school lunch then you need to get your priorities straight,n
8 I do but I drink to get drunk,y
 when  gets drunk ,n
I was drunk as fuck last night,y
 bullshit and you know it Ive seen your drunk snaps lol,n
 them Twitter feminists be reaching so hard trying to shame men In reality they just be looking drunk,n
Do  and  actually do any work Or do they just get drunk snapchat amp play twister all day long ,n
Drunk nerds We test whether knowing BAC levels actually changes drinking behavior via rtechnology reddit,n
ezra  seriously Niall you really should have drunk a lot of water so you dont dehydrate,n
Every drunk girl on snap AYEEEEEE,n
We should just drunk and fuck ,n
I wanna be drunk when i wake up on the right side of the wrong bed and every excuse i made up tell you the truth i hate what didnt kill me,n
  so u telling me barter 6 was better then Kendrick album u drunk,n
Everyone is drunk omo,n
sorry no wifi get drunk and talk to each other,n
 me Get drunk FINE ,n
Show at 230Raffle Wheel Ohmibod Get me drunk on VodkaLets partyHappy Hump day,n
ever been so drunk that you start regretting that you even took a sip lmao,n
 that was a very bad time for me I remember you drunk stumbling around in your monkey onesie,n
customer sure I do Just sell them to me as the wank bait they are instead of serious characters ,n
 go home Shawnee youre drunk,n
I wish I was drunk all the time Oh wait I was our entire relationship,n
I had a weird dream where I was blacked out drunk in a change room Takes too much to drink for me to reach that level of drunkness IRL xD,n
inPink  Austen this summer Portland did Macbeth in a cemetery We are not alone,n
lmao bomi what u doin you drunk kekekekek ,n
The week goes by faster when youre drunk,n
Maybe I was just drunk but  jalapeo mac n cheese last night was the greatest thing Ive ever had,n
People always ask if Im drunk when Im texting but its just my acrylics ,n
Never trust someone who lies even when they are drunkPushAwardsLizQuens,n
When your drunk and all u see is blurred lines you dont have to worry cause RSA has your back ,n
 briella Scream Queens hahaha i took the chance to mess up with the fandom a bit a lil drunk on tea here and yes MULAN,n
I wish i could pant my nails flawlessly My left hand looks gorgeous  but my right looks drunk,n
 Im just gonna get drunk AF when I get home Why not,y
Shit okay maybe Im alil drunk,y
 Oi I barely drink Been drunk 4 times in 2 years and 2 of those times I was camping in my car,n
 how drunk were you last night on a scale 110,n
Woke up earlier than Im used to so I can get drunk w my parents lol,y
 Drunk Mellie ,n
I need five more minutes of sleep every three minutes,n
I makeout with Allen when Im drunk apparently okay,y
im not drunk ,n
i havent been drunk in almost 2 weeks praise me,n
Kids start lying  age of 5 Only three types of people tell the truth kids drunk people and anyone who is pissed the hel,n
 shiiiiid Im gonna be drunk later snaps are about to be too live ,y
 I hope to one day drink wine get drunk and sing songs with uxoxo,n
Drunk History Spies  as H Tubman was the highlight even with greatness from Alia Shawkat and Ferrell TwitterMiniReviews,n
The Cleveland Browns are drunk Why the fuck would you put McCown back when Johnny is impressing,n
I literally think the only thatll get me through the next two days is knowing I can get drunk on Friday night ,y
call ur friends lets get drunk ,n
 inPink Austen that sounds awesome I can imagine it suit there were well,n
Best ways to get drunkElephant BeerRed wineTequila ShotsWhiskey Sour,n
I love when my pandora starts playing in class and says get drunk and fuck,n
  lets get drunk,n
mariana you totally couldve My sister wouldve been confused but she was drunk so shed be okay with it lol,n
So everyone on Plebs has been on Drunk History s well proper ,n
 Bruh Avery your drunk,n
kinda half wanna be drunk now half never wanna do it again,y
 Drunk Felice Herrig via heel hook,n
Good luck today  you deserve it dont get to drunk,n
Im like 45  drunk 50 working all the time and 5 horny,y
Day off More like day drunk WAT,n
 That sounds like a plan She takes another sip from her beer Promise me that you wont let me get too drunk,n
 Always take your makeup off no matter how drunk or tired you are UtterSkinBliss,n
Please explain how a man can be so angry and drunk he rips out his gfs intestines ,n
Just wanna be reunited with bae and get drunk again this weekend  Is that too much to ask for ,n
London by atsamp1ace Drunk out of his mindPretends to read book ,n
 hmmmm if it consists me drunk and driving hell nah,n
tinyraindrop Emo and drunk,n
I just wanna be drunk like 247 is that really that bad,y
call your friends nd lets get drunk,n
15 days and counting till Im reunited with my best friend    few drunk nights Im thinking  nothing new there ,n
Is bomi drunk HAHA,n
 drunk again,n
My stomach been iffy all day since I drunk that shit,n
 what are u sayingwho is drunkkejriewal kahan se aa gaya beech mainu are sitting in punekeep sitting there,n
 what video The drunk tony vis,n
Ill get drunk Ill take somebody home,y
Get up Get drunk,n
 got drunk Sunday night and had it again You are the real mvp,n
 you think we can get as drunk for my 23rd as we did for my 21st or nah,n
So how many different characters can you play at once And can you play them drunk 1linewed,n
Possibly still drunk and Im about to take an exam WhatATimeToBeAlive,y
Drunk ed at his finest LayItAllOnMe  ,n
You know when you just need to get drunk and have drunk conversations with random people Yep I need that,n
Avoid drunk driving OTWOLComplicated PushAwardsJaDines,n
 So into it Next time Im drunk I need to find my drunk AKA  Will get back to you after this weekend,y
Gotta sleep now because im drunk as fuck hehehe PushAwardsLizQuens,y
 team Rwby gets drunk amp Ruby feels left out amp Balke wants to help but that may be a problem ,n
Need to get drunk on Saturday,y
 Im bound by a drunkWith a few memoriesOf how you burn through your lovers its like an ugly disease,n
 your stabilization plugin in is drunk It said we detect that your video may be shaky to a stationary picture,n
im bi and masc as FUCK which is why i only get shit from drunk butch lesbians who are jel but seriously happy BiVisibilityDay live it,n
  u wanna drunk rn,n
  plan is too come down amp GET DRUNK so yes Ashton stock up ,n
My 10yr HS reunion is Fri So I took a trip down memory lane with Pat GreenampThe Great Divide Im drunk now Memory lane aint changed much,y
i got a 2 on my govt test bc i was too drunk to function and i just wrote scribbles everywhere thinking i was making sense,y
 its tomorrow biiiiih I was stupid drunk last night but thanks boo ,y
 and so just we Were you drunk on pastry,n
 A woman in a bikini trying to seduce a guy she likes shouldnt be taken seriously as a character Wow,n
 i never drunk coffee before so ill have to try it i guess  but thanks for the advice,n
I want to get drunk right now,n
Rep Roadkill Steve Sarkisian  always being judged Dont get drunk amp rant  theres always a video cameraphone  DSDET15,n
catt  get drunk pls lol i know its 1 but im sad,n
 lets get drunk and everything will be ok Just invite me please,y
Guys loading the dishwasher does not mean getting your wife or girlfriend drunk,n
PopeinDC Where did they get the translator for the bishops service Is she drunk Seriously too terrible for words,n
  I have literally broken at least 3 phones by dropping them in the toilet when drunk The last one was 2007 though,n
Watching bassheads defend Bassnectar is like watching an cat fight when youre drunk,n
My neighbour Do you drink every nightMe Oh no sometimes Im drunk by noon,n
Call yo friends lets get drunk,n
Youre always drunk when I see you about hahaha oh for fuck sake,n
My Riha Im drunk ,y
 I think I just need to get horrendously drunk haha  xxxx,n
Wow much drunk,n
 drunk af,n
  so youre saying if I dont have a crush on you your life will be ruined Are you drunk,n
we can get drunk amp pretend we drank away all our sins,n
Last PopeInDC encounter pre2015 was a drunk guy in papal vestments shouting while careening through traffic on Mass Ave in a shopping cart,n
call your friends amp lets get drunk,n
 wimpy and I went in there drunk for breakfast once and its an absolute con,n
  drunk because livin in the dungeon foreva lol stay strong jejen unnie just like your tattoo ,n
I see drunk people,n
my bae is having a party and he is drunk and he is wet plaseee bae sleep and stop it nowwwww,n
me and Paz are drunk in spoons,n
 neither do I we were drunk I thinkx,n
Woke up still drunk af,y
Where your ass was at when I was drunk at chucky cheese,y
 CorrieBoard Steve is drunk,n
 atlist we alrday know you planned to tweet shit b4 you even get drunk,n
Grabcar driver also sounds drunk,n
 Its super fun to do especially as drunk late night costumes And when people get it their reaction is really cute,n
Already drunk ,y
I literally think the only thing thatll get me through the next two days is knowing I can get drunk on Friday night its very needed,y
melissa we need to get drunk or high like asap girl ,y
He who has drunk will drink,n
drunk faded 2 months since I fucked a lady,n
Drunk off love we both feel deep down but too scared to say coz we know how this ends thinking maybe wed be better as friends,n
I just wanna drunk die,n
Its gonna rain today guess I gotta get drunk,y
Guys we did it we have an Angry Birds trailer Weve peaked cinema Everything else in comparison now is gonna look drunk Go home,n
Im not the type to stick Im a busy woman I work hard and take care of my son so excuse me,n
 Friday Live tweeting my drunk adventure,y
Saw a dude get super pissed on a train for the first time today and ABSOLUTELY NOT  Not sure if he was drunk or just pissed or what but,n
  Dont known which way to go with thatWe all do ducked up shit when young and drunkStd college shit Blackout,n
Jeebus i also get to go a special one for friends and family of the store Drunk magic,n
If I ever sound inspirational in real life one of us is drunk,n
Cameron go home Dave youre drunk oink,n
Is chatis drunk See what future has caused PLEASE DONT Listen To HIM Take your girl out on dates,n
Dad calls me and says Im coming down next week lets get drunk,n
Babaayy is you drunk is you had enough  Are you here lookin for love ,n
Pass me the blunt Im tryna get drunk af ,n
Drunk as fuck at one though  but its A CELEBRATION,y
Ive spent the last week drunk andor in bed on tumblr with court ,y
I actually cant wait for Saturday Not the getting up early part but Defos the ending up really drunk part ,y
 Madness is the word Half of them are drunk and dancing,n
A week later day before Main g funeral God took Paint from me I really drunk a pint for paint After that I stop eating and sleeping,n
1am we have finished the gig and we are not drunk but gyming and swimmingwhat the fackkkkk,n
This is Kabukich Where we went to see Robot Restaurant and got drunk with my chinese friend Yungyung ,y
2 Drunk Bastards will be at   September 30th doing our podcast Come enjoy  Amoroso rolls and microbrews with us   2DB,n
present your best drunk self,n
dont play that song when Im drunk cause somebody getting pregnant ,n
 LionDUDE Gangsta2 Why is  your choice  gtlt,n
 oy bam youre not drunk get drunk ardy,n
Modern art Heres a partially drunk Salted Caramel Frappuccino Id like to start the bidding at 1 million dollars please,n
 nigga IDK Im pretty positive Im still drunk lololol,y
 happy birthday you silly boy I wish you was here so we could get drunk together here,n
Me  Drunk Chooch ,n
  Says Paul who will be too drunk to see let alone type S,n
Call your friends and lets get drunk,n
His voice made me drunk ,n
 Trying to find Jeff The Drunk on Periscopedo you know the correct screen name to search for ,n
We could be beautifulGet drunk on the good lifeIll take you to paradiseSay youll never let me go,n
m but i mean you guys can totally code drunk rightthats a thingdrunk coding rightb,n
Opera Tonight For All My Niccas Birthdays we getting drunk tonight,y
I am really glad that both of these drunk accounts are set to post until at least 900 tonightI am joy,n
I want to go to zoos amp museums amp play laser tag but everyone else wants to get high amp drunk amp catch STDs but is whatever,n
 lets get drunk around 4  the pool,n
RoDah I did both the PS2 and Gamecube midnight launches drunk Hopefully setting the standards for future generations,n
 pls tell me this is not real like literally taehyung are you drunk ,n
Friendship goals look at these drunk cuties   ,n
 I was drunk,y
hi I was kinda drunk last night and hungover today great times,y
Fucking 98 yr pub staff i lose drinking so drunk,y
When a drunk girl in her 20s screams Oh my God I love this song you can be sure that song sucks,n
Happy birthday love  today means you can get sloppy drunk and have an excuse for it so take advantage,n
drunk af ,n
free your mind and your ass will follow sounds like some drunk advice id give to a friend going through a turbulent break up,n
xo possibly BYOB but Ill be drunk regardless Yall can all stay the night and we can be femaley together,y
 but you see they couldnt take any photos they were too drunk off their budweisers and chicken wings,n
Havent been to mcdonalds since the 9th of august im so proudapart from the time I was drunk amp used their toilet but that time doesnt count,n
ca wait to be drunk wi ma girls on fri   and chels ,n
aubrey are you drunk right now,n
depressed amp drunk ,n
Drunk driving and drowsy driving both cause poor driving skills,n
ms yesssss  They was too strong that time tho  LOL  I was drunk not tipsy,n
But she never could get drunk enough to get him off her mind,n
wish I was still drunk off last nights beer,y
 u drunk,n
 hahahahha omg unnie are u drunk Btw did u go just now,n
Current mood Lemme drink your heart drunk Lemme dream your eyes shut Lemme get your mind off Lemme make your body talk  ,n
Mariee96 are you drunk cuz that makes no sence,n
drunk history is so funny ,n
123 the songs and wicked drunk dance turn me mad God help them ,n
I drunk too much tequila,y
Theres no need for you to shut up hyung but I think you are drunk,n
If you aint never got fucked up to the point you didnt want to drink again you aint never been drunk af Lol,n
Hahahahahaha this guy is drunk texting me ka 7pm tf,n
 duuuuhhhhhhhhh   Stop skipping school and getting drunk ,n
Fetching my drunk dad MidnightDuties ,n
  so I just wrote a blurb for a tragic story idea I got after reading a tragic FB story about a drunk driver,n
Fanboys are worse than feminists smfh  Kill all non anons for a true democracy ,n
I want to get drunk,n
  Stanbury Juliets husband was drunk,n
 you were probs too drunk to remember,n
Showing up to work drunk partyproblems,n
 I am not drunk and i cannot sleep tbh  nope was too tired from work TT,n
is xingie drunk lmfao,n
 Drunk Sophie should not use Twitter,n
Oh my god who is sheI get drunk on Hennessy,y
being gay is not all about being queer drunk leah face timing me 2015,n
My work said I could either go to the alcohol free picnic or go back to work Im going back to work drunk,n
Dont worry Well find them Find My Drunk Friends app in iTunes millerlite festival ,n
Realized how much i love getting drunk with my best fiend ,y
Drunk History is funny I just discovered it and I am a fan,n
 Jalen its too early to be drunk Sober up,n
   omg that is him,n
3 hours into Fionas birthday we are both quite drunk and watching buzzfeed videos so yeah you could say its going better than last year,y
fails calc midterm texts friends to get drunk at karaoke night,n
 sure wasnt I was gon make her take a picture of me since she messed it up but she looked drunk lol,n
Catch Lorraine Davies and the Too Drunk to Fish Band at the Whitby Ribfest Sun July 12  120pm  ribsgobetterwithfish,n
can they all get drunk an get all their feelings out to each other on this europe trip,n
 niall have u drunk any water today Dont want ur skinny ass to get sick again bro,n
 PS looking forward for more drunk messages from you hahahaha D,n
I just wanna get drunk n see the Pigeon Detectives I cant handle this,y
so done is it ok to get drunk on my own yes I think so,n
Brazil92  I would just get them drunk so they think my foods nice,n
can we go back in time now Preferably when Navarro hit that home run and i was drunk and happy and high fiving,y
delgado lol I put it in there when I was drunk ,y
Orsi Cannot wait for the arrival of fallRka sOrsi No FallsShes not even drunk Yet but Im waiting for M too,n
And what if I amwhat you gonna do about it me drunk,n
Lol she said Can I just plead DRUNK worldsdumbest,n
Tony sounds really DRUNK today  Seriously DRUNK  wearethepeople,n
You can get drunk and party and the next day want to read a book in a tree while sippin tea people are allowed to enjoy various things,n
Gingersnapp then no one can tell us we cant get drunk in the pool and beat each other with pool noodles,n
Jess said shes going to make a scrapbook of all our drunk pictures Im so excited ,n
Whoever said drunk housework was more fun lied,n
 you always drunk Lol,n
esleyvasquez Happy Birthday Hope you have a blast amp dont get too drunk  your birthday is 5 days before mine LibraGang ,n
Trains do you have a policy about apparently drunk people in services causing disruption to other passengers,n
 her drunk ass might of got the best one You know a drunk gotta focus to get shit done ,n
I was hacked is the new I was drunk  DSDET15,y
this is nice get drunk at happy hour weather,n
Dont need to get drunk,y
All my senses come to lifeWhile Im stumbling home as drunk as IHave ever been and Ill never leave againCause you are the only one,n
Yeah blame the drugs got me sinnin on the weekday drunk as fuck doing a buck sixty on the freeway,y
When you realize youre best friend and youre love interest are the type to get drunk at 1 pm on a Wednesday ,n
She got me going crazy things without her dropping liquordrunk in love this cant be good for my liver,y
Steve and I got way drunk last night Why Because we didnt eat Go us Still drunk today Not how I wanted to spend Wednesday,y
America  I actually want this,y
 unnie are you drunk its okay though,n
Fall means instead of getting drunk outside in the grass Im getting drunk inside on the floor,y
We should just get drunk and fuck,n
I hate getting drunk and other lies,y
I drunk 3 mountain dews Tryna stay up its not working amp my face gonelook like a pizza ,n
el he wasnt really drunk he just had a few brews,n
drunk in loveeeeee,n
Rep Roadkill I was hacked is the new I was drunk  DSDET15 politicalrant familyfeud,y
 had a dream you and I were at the mall again drunk as fuck but I ditches cause I had court ,n
   whats up not the sun nigga good night When you be drunk texting me,n
I wanna get v drunk on Saturday since im not in work,n
Happy BDay Engeling throwback to the time you got so drunk u peed yourself and started swimming on the floor ,n
naw I aint drunk okay maybe I do have a little buzz,n
jaynee99 yeah yea get me drunk ,n
Someone go to trapfest with me and get drunk with me I dont wanna roll ,y
Havent had a lick of alcohol But Im drunk Ask me if I care at all Im high on life Flying like a kite Im drunk  ,y
 If you dont like drunk driving then dont drunk drive,n
 Fuck the Browns man they dont start the goat they drunk,n
drunk texting you,n
when she makes up cute little songs about you when shes drunk ,n
Getting drunk tonight is going to be a serious struggle,n
ini showed my drunk ass in sistaa girl last night ,n
Car96 no Im getting drunk ,n
JEFF  Gangsta2 Cuz  is a GOOD girl,n
 UNDERSTAND Republic it means ppl can live free talk free go or come buy or sell b drunk or sober however they choose ,n
I wasnt drunk last night I had the worst dream imaginable and I guess I tweeted about it,n
Go home Don Francisco youre drunk already,n
Way to start my morning off within two drunk guys walking into my job,n
I was hacked is the new I was drunk  DSDET15 ,n
ORG  I would need to be extremely drunk as well as hungry,n
I dont know who this dude is but he passed out drunk in the middle of the jungle like a goddamn model Amazing ,n
 happy bday again and wcw ofc dont get too drunk,n
Reggienet is the equivalent of the drunk girl with the birthday sash on shes barely functioning and needs help with every step,n
I only love you when im drunk,n
But I dont think getting drunk with my colleagues on the second day of work is wise ,n
Being on nitrous is like being drunk In class weirdestfeelingever ,n
 bam bam bam are you drunk OO,n
so what we get drunk so what we smoke weed were just having fun we dont care who sees,n
Legg Drunk Tripping ,n
 lol I seem to do that even when Im not drunk ,n
So ready to get drunk tonight Wednesday with rugby I have missed you,y
Yesterday was unforgettable Made friends met bear broke a piece off my Polaroid talked to a drunk guy called bear dad Shit I miss it,n
  except were not musicians and it will just be us getting wine drunk in my lounge,n
I clearly mustve been drunk at the time,y
Drunk texts ,n
 Oktoberfest just started Theyre probably drunk by now anyway,n
I Hate Season Change I Always Get Sick,n
 I just need to learn that already drunk Charles is a poor decision make when it comes to how much more to drink,n
Being irresponsible and getting drunk tonight,y
Well acc I was slyly drunk,n
woke up pretty bummed outI had a dream I went to a sbtrkt concert but I got too drunk that I blacked out and missed the entire performance,n
Ive got that disease where you wake up in strange places drunk,y
U kno wen u close ur eyes tipsy and open them drunk fucking hate that shit,y
    The Rockets are not even close to the Warriors last season proved that Lawson drunk,n
LionDUDE JEFF Gangsta2  ooohhh interesting ltult mhm mhm silents eating popcorn,n
I wanna get drunk tonight but when I get drunk I never have a lie in and I rlly also want a lie in,n
I need to find a happy medium drunk,n
La Bamba just came on at work and I may still be too drunk for this   ,y
  forPigssty Yes but you started talking about drunk Nandu ,n
 lol omg she was probs drunk anyways but she told me the other day that shes happy Alex has you now,n
Ive never actually felt a genuine need to get drunk before but 4 weeks into year 11 and here I am,n
U must be drunk shorty,n
Pledge So like how many shots does it take for you to get drunk Girl Like 6 or 7Pledge Thats cool we should chill this weekend ,n
Cool as cucumber Drunk as fuck,n
I honestly dont see the point in acting drunk why not just get fucked up foreal its fun ,n
massey  drunk as a foot sounds good for me ,n
  she proved you are a complete idiot with just a selfie LMFAO ,n
MasculinitySoFragile that you have to get really drunk before you can talk about your fears and feelings and feel ashamed the day after,n
Still drunk I can feel it,y
Just because a girl is drunk andor is flirting with you does not mean she is saying yes to having sex with you Remember that fuckbois,n
My granny was drunk calling me last night and when I answered the second time she was PISSED I was at dance practice ,n
If she doesnt call you when shes drunk you aint the one,n
I would do anything to get drunk right now,n
Maria Im Drunk ,y
Wow it must be nice to be a  you dont work hard you just go to Mexico and just get drunk in BrieMode TotalDivas,n
I think Im drunk 100 of my life not by drinking but my personality ,n
guys im not even drunk all the time,n
tania likes to get drunk and tell people that I have a crush on them,n
Will Ferrell on Drunk History hhahaahaha,n
You cannot get drunk around any and everybody ,n
I rather be high than being drunk,n
I just wanna get drunk,n
They love to get my drunk at work ,n
 you be drunk everyday Lol,n
I dont understand how people get drunk and dont act crazy  ,n
You ever go to a concert and are more entertained people watching drunk people good times,n
830 pm and Im drunk yikessss bad news,y
 Call your friends amp lets get drunk ,n
Getting wine drunk on a Wednesday getonmylevel,y
My dads so drunk its hilarious ,n
i fucking hate it when people act drunk ,n
jenner bertazzoni getting drunk is hs shit we doing coke,n
My neighbors are drunk as fuck and just gave me a whole load of bite size kitkats and snickers gtgtgtgtgtgtgtgtgtgtgtgtgt,n
 sad drunk tweet all you need boo,n
 are yall drunk,n
These freshmen in my class are talking about how they get drunk with their roommates like every other day Wow bow down 2 u socool,n
Why not get wine drunk on a Wednesday by myself ,n
 dude same but me on Friday itll be like were getting drunk together lol,n
 Cause I got drunk,y
se drunk on love running out of reasons e summer alive tivessem sido singles o word of mouth no tinha flopado,n
Drunk in love by    so cool  so awesome so magical loveit applemusicfestival,n
Maria Im drunk ,y
who wants to get drunk w me tn,n
    something about me and sports when Im blackout drunk,y
concept i get fucking drunk every night from now until when i leave,y
When we dont want to stop working and pray we are drunk with American productivity Piper,n
 I love when goon be drunk he be nice amp cooling  when he sober he real mean,n
So what we get drunkSo what we smoke weedWere just having fun We dont care who sees Wiz,n
Shes drunk already,n
Im drunk doing an interpretive dance all over my living room furniture to this BitchAreYouInMyGang ,n
 wants to get drunk this weekend and Im over here like where you at rn girl  needadrinknow,n
I wanna get drunk tonight tomorrow amp the day after that,n
Guess Ill get drunk tomorrow,y
Go through stages of vowing never to drink again cos every gets so annoyed by me drunk whoamikidding,y
  I think they just snapped a bunch of paparazzi photos and then put his drunk ass in a cab and sent him away,n
 come to Ireland and get drunk,n
i have to warn you ive never played the trumpet and im extremely drunk great Youre hired  audition for homeland theme music,y
WHERE IS THE DRUNK VER OF WOLF I CANT FIND IT ANYMORE,n
Lol things me and my dad figured out drunk Womanalcoholno progression,y
u kno ur friends r drunk when lets use the end of a measuring cup instead of spoon drunklogic ,n
Is my dog drunk ,n
maria im drunk,y
Nancy what do you think,n
Peters  your drunk mate go home,n
tonight is  get drunk and listen to 80s dance music night,y
My friend drunk calling me talking about she see the boxes from work in her room ,n
Cories drunk again Shocker,n
Im so drunk rn honestly I think I stab mini me over shay,y
  agghh I want it so bad But 60000 drunk af college kids,n
priyaar u were so drunk u couldnt boil the water ,n
Dont worry Well find them Find My Drunk Friends app in iTunes buzzed pitt tcu budlight ,n
 lmbo man dont make plans with me when Im drunk I wont remember,n
Maria Im drunk,y
Some drunk people are just ridiculous,n
A drunk man speaks sober thoughts,n
Cant wait for this week to end so I can get drunk and watch some fights UFC in Japan on Saturday,y
 lol I bet it does but seriously lol I wanted to rent a water slide and get some soap and bottles and get drunk lol,n
Want to get drunk tonight ,n
Being high is 10x better than being drunk,n
why the hell does everyone think Im drunk 247,n
the drunk in love remix by the weeknd is freakin fire,n
But he never could get drunk enough to get her off his mind,n
Roald Dahl Drunk History is fantastic Will Farrell is great sorry  ,n
Im not wasted but Im a little drunk on you winditup,y
I cant wait to get so drunk tomorrow ,y
I love watching drunk couples fight over the stupidest shit thankgodimnotyou,n
I dont want a girlfriend I just want someone to get drunk with me at family events,n
 O and drunk,n
But what the hell makes ppl think they have the right to be annoyed at me drunk U just got lucky being a cool drunk m8 woopdyfukindoo,n
Yeah I got drunk in philly with work tomorrow at 12 in Richmond,y
 Im our team captain My guys are all threatening to show drunk to our game drunk tomorrow,n
How Ive spent my vacation so far drunk,y
Theres some drunk kid walking down the street screaming final countdown horribly offkey,n
ashton hey  its  bday follow her so you guys can get drunk together,n
Its a good day to get drunk,y
 Shut the fuck up dont make me bring up the time when you was drunk making kissing noises to me ,n
 if you drunk or stupid high  yes ,n
Drunk barred toked out muscle relaxerCant loose tho ,n
Getting drunk on a Wednesday knowing I have a paper due the following day and I havent even started,y
 whaaaat I sent you my last name Are you drunk,n
My drunk brother ,n
I plant on getting drunk this weekend,y
 after a fight is like that drunk friend I fucking reapect you man hug hug love you man hug hugGive it up old man,n
Life aint long enough so lets get drunk on good love,n
Too drunk to fuck   NanodayoloBot,y
Someone get drunk w me,n
 Eeww no Im scared I just wanna be young forever and travel and get drunk  Im not ready for responsibilities ,n
This was also a year ago today n is my fave photo ever    excited get this drunk at Christmas ,n
Drinking IPAs has made me realize I like getting beer drunk,y
All you need is Crown Maybe some cococola But seriously every tipsydrunk moment Ive had in the last 2 years involves Crown lol,y
College is cool because youre never the only one drunk on a random week day,y
 also I was clearly drunk because I would never drink that beer sober Not even for thunderstruck,y
When j was younger I accidentally got drunk off of those liquor chocolates that have alcohol in them True story,n
When I didnt hook up with her i lead her on and if I did hook up with her ppl would call me an asshole for taking advantage of a drunk,n
Forever getting drunk amp cutting my own hairsmh,n
 Im drunk but I wish I could help,y
I love Drunk History,n
 youre drunk bye,n
Getting drunk with your mom at a Cheap Trick concert is one for the books with me,y
EWall  oh my youre drunk,n
SB dont tempt me u know Ill do a drunk message and be hated more whyme,n
Drunk Texting would be perfect for Rih,n
Them ones when your just falling asleep and your mate rings you drunk chatting bare shit,n
 i love you literally so much oh my god ,n
Call your friends and lets get drunk,n
Drunk before empie ,n
Already kinda drunk,y
Oh and being drunk Very drunk When they knew me and two others wanted a quiet night in Standing in the halls instead of the kitchen,n
wanna get drunk with me link removed horny babe naked nsfw pussy amateur ,n
When your mom drunk dials youon a WEDNESDAYltltltlt,n
Is everybody drunk or some,n
Mia still has my drunk videos ,n
Getting drunk tonight,y
 you know your drunk ass would do it,n
Symoneism  when she gets drunk shes the one that dances from her chair,n
I swear coffee and energy drinks dont work for me I just drunk a frapp and Im still so tired,y
  i hope nasa sends him some more nasa shirts though mix it up a little also how drunk did he get ,n
Blase  The only track that can separate drunk people from sober people in a club ,n
My current status drunk ,y
Drunk driving is no accident it is completely preventable DriveSober or Get Pulled Over ,n
 BABE ,n
call ya friends lets get drunk,n
I cant fuck with no girl that stay drunk  the bitch aint got no life ,n
So apparently one of our Bakras got drunk on spoilt grapes and totally acted out for a while,n
My 21st birthday is probably going to be me drunk crying in a chilis bathroom then getting an impulse I want to believe tramp stamp,n
I can get a little drunk I get in to all the dont but on good days Im charming as fuck,n
Patron dont even get me drunk,n
This waitress was showing me the receipt last night and the whole time I was thinking god damn Im soo drunk I cant read shit lol,y
 she was drunk ,n
Im a little  drunk on you and high on summer time,n
  I think I figured it outI got my friend an Uber from NYC to central NJ and he was passed out drunk smh,n
 you were drunk when you said this Because you dont get out of bed to live this ,n
Am drunk,y
 80 of the time you are lazy 20 of it you are drunk  I know my friends well enough to find this info out,n
 of course we are drunk have you ever met us,y
We was drunk what else you wanted me to do lol,y
  fuck ya,n
Gettin high to deal w my problems Fuckin bitchesampgettin drunk as shit but these bitches gettin obnoxious They nothin to me tho,y
How to get a white girl drunk ,n
I FUCKING HATE PEOPLE WHO SAY MY CHARACTER IS DRUNK ALL THE FUCKING TIME,n
Im drunk as shit,y
So Ill be drunk texting you,n
Starting to think that texting while driving should be treated the way drunk driving is treated jail time an all,n
A drunk person is just the awesome version of a sober person,n
 yea sorry lol Im a bit drunk kid,y
Sunnis are not refugees They are the leaders These are soldiers here to take over USA Where is Boehner Drunk  ,n
Im not arguing on the phone in a party nor am I the drunk one doing the most ,n
Ive been at work for 10 minutes and Im already getting drunk,n
drunk on a Wednesday night whynot  worktomorrow softballlgames,n
Drunk or just finished her first crossfit class Its the second I swear,n
If u coerceharass ur friend to get drunkhigh and constantly encourage behavior that will affects their healthwell being Youre ugly,n
Sasha feelings hurt af Leave the club drunk and he got somebody else in the crib  WatchDFW,n
 yeah no dont trust ur drunk ass,n
Last Saturday I made my sister late for work bc I was supposed to babysit but I was too drunk to wake up Said I was never drinkin again,y
    except for Jordan he gets all drunk,n
My dad ran his head into a wall when he was drunk amp now has 3 staples in his head,n
 get drunk with me Ive been wanting to go to the bar forever,n
Waking up still drunk the next morning ltltlt,y
Am drunk whatever,y
I had a great talk with my uncle early years ago he was a drunk now he is a sober man for years now an got his kids cause there mom didnt,n
rolls her eyes and smiles Youll only get me to say that when Im drunk,n
Some peoples best interest is getting high and drunk and honestly that can fuck up your personal social skills and relationships,n
Daily Awww michaels face haha he looks drunk ,n
 Youre either tweeting drunk or this is in code 3,n
tbh i dont feel v uncomfortable when drunk girls are all on me cos its better than them being all on a possible creep that might hurt them,n
An F Scott Fitzgerald impersonator is working on getting as drunk as he pretends to be A third mans parishioners slog through frost,n
Kinda drunk and making my signature dish cheesy beans on toast cut into 8 little squares for easy eating,y
 Lmao exactly you were drunk DUH,n
 lmao idk get drunk I guess  what kinda tat you getting,n
Go home ESPN your drunk ,n
Watching Kennedy on Fox talking about drunk girls and puppy dogs bets OReilly doing puff piece with a canidate with 9 support,n
My goal is to be as drunk if not more drunk than Cory when he gets back from the bar tonightjust cuz,n
Yall I love my Katerria   she is the best ever Up and downs Drunk moments and all thats my bisshhh man Thats my Bae ,n
Aint a TV show in the world that have me waiting except maybe drunk history or south park I also enjoy we bare bears Lml,n
When we get drunk  ,n
My nana takes her wig off when shes drunk,n
 peoples true colours really come out when drunk Especially white ones lol,n
This nigga e talkin bout some remember when i was high n drunk n couldnt walk,n
Drunk in love gives me life,n
Future more lyrical than Nas Nooooo not on his best dayNas can drunk text better lyrics,n
 you get drunk from one beer though,n
I think I wanna get drunk this weekend cause I think this my last weekend home,n
What potion do I wanna get drunk off of this weekend,n
Im sure shes gonna be drunk for the whole weekend ,y
 Weston gets a little horny when he is drunk lol,n
LOOK AT HOW HOT DRUNK NIALL IS IM DYING ,n
i think karens drunk,n
 nah I dont get drunk I get coo and thats it,y
 is drunk doing her homework ok wow,n
I apologize in advance for the terrible drunk old people singing that may or may not take place on my snapchat soon,n
I DONT CARE IF HE IS A PIRATE OR NOT IT IS MY DECISION TO GET HIM DRUNK OR NOT WHY NOT ASK,n
 girl you know I come drunk,y
Just got hit on by an old drunk Hispanic guy LoveAllAges OrNah,n
I get too drunk every Wednesday,y
YOU LOOK DRUNK OMFG     michaelisdrunk ,n
Soon as I feel like Im about to fall asleep some drunk bellends start shouting outside my house  cardiganroadproblems,n
So drunk is the only way Im gonna sleep anymore Oh well my liver can handle it,y
Imma get get get get u drunk get u drunk off of my hump  my hump hump My lovely lady hump,n
A drunk bunny tried to run in front of my car Not tonight Thumper,n
  gotta wait a few years before he can do a drunk history Ha,n
  Apparently questioning peoples illness is what HW do now Id rather have drunk Brandi than watch another season of that,n
Wanna be drunk on you ,n
 Right I dont get why people waste their money getting drunk at a show anyways either People are crazy,n
Uh oh shes drunk,n
so what we get drunk,n
Creationists make it sound as though a theory is something you dreamt up after being drunk all night  Isaac Asimov,n
Drunk History is most likely the greatest idea for a series ever in the history of things,n
I have just had to check that Lucy has not wet herself why is she so drunk,n
  or drunk I bought like 30 packs of ramen noodle and a shit load of totinos the other night Hahahaaa,n
 drinking tequila get drunk go to bed pass out forget Im single,y
bad idea to get really drunk when u have school tommorow haha fuck,y
what makes me happy Be drunk Haha kidding  ,n
Drunk at 537 on a Wednesday Sure why not Its the classy thing to dostress,y
last night outfit P sexy downtownlife drunk whitegirlwasted dress makeupartist ,n
I come home to my roommate blackout drunk emotionally blasting Britney Spears I have met my match,n
everyones drunk but me n cam fml,n
also im very shy but theyre too drunk too care takecareofdrunkgirls,n
not even 10 am amp im ready to be drunk,n
you dont have to be drunk or high to have fun,n
How the fuck am I still drunk,y
Idk if Im still drunk or hungover,y
The not hung over but drunk mood when you wake up gtgtgt,y
Why do I feel the need to text people when Im drunk,y
A Someone take my phone away next time I get drunk B Where am I,y
Till then just sit ur drunk ass on that fucking runway ho,n
My head hurts and I think Im still drunk,y
 alot of us were drunk,y
I got WAYYYYY to drunk last night ,y
Kali threw up next to me but I was so drunk I was passed out omg,y
Last night I recall that pictures were not loading on Twitter but now Im not sure if thats true or if I was just really drunk,y
I think I called everyone in my phone last night Im that drunk asshole Sorry everyone no more drinking for a while,y
 what can I say Im just extra thoughtful when Im drunk,y
 Headed straight for drunk tank rehab,y
 youre the best drunk,n
When a drunk girl in her 20s screams Oh my God I love this song you can be sure that song sucks,n
 yes its the same one He really didnt know how to treat women As I say he was only really caring when he was drunk ,n
And she was drunk so she was up amp down Everytime she moved kvele kuthi phafu umchako no fish ,n
Do you love this shit Are you drunk Do you ever get nervous,n
  Sorry I was too drunk to dial,y
Working for less than minimum wage is awesome esp if u have shitty boss and drunk costumers and ppl who dont tip on an order over 20 bucks,n
My brother is acting weird today I think hea drunk,n
Almost had to go there with this drunk mf last night but luckily security was there,n
Bees buzzing aboutdrunk on HONEY flying roundhits on each flowerbotaiku,n
Got a little too drunk last night,y
Drunk texts fml ,n
Wake up drunk shit hurt,n
this is nick updating my blog got so fucked up last night that i lost my phoneshoesglassesgot arrestedspent the night in the drunk tank,y
Not to mention Ed Sheeran and Beyonc singing acoustic Drunk in Love and Eddie Vedder and Beyonc singing Redemption Song,n
I was I should eat a sub from a convenience store drunk last night,y
 he was probably drunk I should have used that moment to let him talk all he wanted ,n
Id pick sleeping over my boyfriends house amp cuddling with him over going to a party amp getting drunk over anything ,y
Fucken drunk ass paisas everywhere   Arriba peruuuu ,y
Its not even 9 and Im drunk,y
i was the most drunk ive been in a really long time last night but i have no hangover,y
Drunk textingtalking lol,y
Shouldve drunk a lil something,y
  i have not heard im not even drunk mate uttered more since then,n
I dont know whether I was drunk or tired but I cant remember posting my snapchats,y
Ughhhh Im still drunk from last night ,y
Why does yubin talks like shes drunk,n
Im deffo drunk,y
The adventures of drunk neil,n
Love getting so drunk on pre drinks that I throw up all over my bathroom and pass out before Ive even left to go out,y
Stayed sober last night No drunk rants no impulsive appearances Finally got some sleep,n
 oh 100 Ive blackout drunk passed out at a festival and my instincts were so strong I held my bag close to my chest cuz I,y
Its been 4 hours and Im still drunk,y
bradyy  Drunk asf but regret nothing,y
 sad thing is Im not even drunk yet ,y
The paper notes an immense drinking problem among Finnish Americans and their often violent behavior when drunk Yep Thats us,n
I love hearing ppls drunk stories hahaha,n
 SO AM I  LAUGHS MELO IS DRUNK ATM HAHAHA,n
 theyre about 12 like shut up bet you got drunk on caprisuns,n
Whos tryna get day drunk,n
NowPlaying  Beyonce feat Jay Z  Drunk In Love,n
Glad drunk Erin made a alarm moral of the story WHOA GOALS ,n
its great when i get home too drunk to give a duck bout how i got here or what anybody thinks,y
Still drunkrollin up sour,y
I was so drunk last night,y
Im 30 amp my what I did at the weekend response is still I got blind drunk amp binged watched Netflix all without eating a single vegetable,y
Damn I was drunk as fuck last night ,y
 John cena would have drunk that all by now disappointed in you,n
IM REALLY DONE GETTING DRUNK,y
Kentucky rushed the field  Wtf I was p drunk,y
 i went out clubbing with a gal she was drunk had a pee in the trees amp fell over so i went over to pick her upshe layed face down,n
Regret getting so drunk last night I have 0 concentration,y
IM STILL DRUNK LMAO,y
Wish my friends were here to love me  hungoverstill drunk san is super needy,y
Every time I get drunk I feel the need to give everyone death stoppp freya,y
So theres this drunk guy who looks like Harvey Wippleman spewing up all over the pavement,n
Woke up drunk,y
I think drunk mode apps need to be invented for everyday conversations with me,y
Drunk,y
The best things in life either make u fat drunk or pregnant ,n
Ed Sheeran x Beyonce x Drunk in Love,n
cleav clearly dont worry amyjoness is still drunk too,n
when you call your parents drunk and then your phone dies gotta love them tho ,y
Deleting your drunk tweets is the new walk of shame,y
Well shall we get drunk then  ,n
 lol chill out fam Im still drunk,y
2EmChris lmaooo we didnt go out last night because we are going to a hotel today But I still got drunk and only partly hungover,y
 yes was ok i guess slightly drunk by end x,y
Yea ever get so drunk you try to type a paragraph that when you finally finish the whole thing looks like it needs to be unscrambled,y
Dear everyone Im drunk and online  Facebook will learn all my opinions,y
 yes you do like to do that  However I question a drunk mans ability to retain sound advice,n
Its not even three and Im already drunkLiving da life,y
 Drunk Zecois always thinks its a great idea ,y
Missed Our Damn Flight Fucking with his Drunk Ass,n
Every Balkan I got to I always end up meeting new people and I think everyone should go Bc ppl are so nice to eachother when theyre drunk,n
People that drive exactly the speed limit  I always think they must be drunk or have a car full of weed,n
One time I got so drunk at Kelseys school I sat down on the floor at a party and cried about wanting a burrito and a root beer,y
all my friends appear to still be drunk and Im very sober with a migraine,y
Couldnt text me back but could drunk call me at 3 am and wake me up,n
Ed Sheeran cantando Drunk In Love com Beyonce CA RA LHO,n
Yo ass drunk,n
Drunk calls gtgtgtgt,n
 hahah very drunk night,n
Not even gonna listen to these drunk voicemails ,n
got drunk as fuck with jakey ,y
 Drunk History remember ,n
 now I understand why Phil was so drunk,n
Drunk in love,n
Drunk me needs to learn not to text Am I right   ,y
We grown we all got shit to say But we drunk so its the right time,y
Omg say the cringiest things ever when im drunk,y
Dude came in last night drunk as the fuck and assaulted a Petty Officer  seen him at legal earlier,n
 go sleep luvyoure not drunk rightHAHA,n
Drunk in loooove,n
 shouldve Called me We couldve been drunk together ,n
Woke up still drunk ,y
1245 and Im drunk,y
 drunk,n
My drunk ass ,y
A Beyonc a cantar Drunk in Love com o Ed Sheeran Jesuuuus top top,n
s Note to self always have a back up thingy in case a drunk person puts their drink down,n
Theyre making me drunk the entire cup,n
Ive been high and drunk this entire weekend What a way to bring in a birthday NYC,y
Its not funny when ur to drunk to remember the hurtful shit u said the night before  handleyourliquorordontdrink,y
Ill take a drunk adventure over a dumb party any day,n
My friends amp I at Cortland forever getting drunk in our rooms on the weekend I come home amp all of a sudden bitches is drunk party hopping,n
   Best way to show support for girlssing drunk in loveyup makes sense ,n
Didnt even go out last night I was that drunk ,y
High  drunk sex be the best sex ,y
 are u drunk,n
when people dont shut up about being drunk ,n
 u had to be drunk lol,n
 no comment Im not drunk on the Johnny football juice like all of Cleveland,n
So tired of my brother coming home amp acting like a belligerent drunk at 9 AM,n
How you know Jesus is in town the whole town is drunk,n
i still havent done any work yet all i do is get drunk,y
beyonce and ed sang drunk in love what,n
I lost my wallet last night on some drunk shit,y
who are you Im that guy that cheyenne makes out with when shes drunk Im crying,n
 I Been Drunk 2 Days Straight ,y
waking up to Nae drunk messages ,y
ed sheeran and beyonce covering drunk in love together i want them to collaborate,n
Got drunk as Shit lastnight,y
Bass48 I passed out lmao too drunk,y
People talk to mucccccch when they drunk  ,n
whos the fuckin drunk bitch,n
Come to the club looking for drugs drunk fucking these sluts,n
The fact that you were not drunk with me last night makes me very sad  ,n
Maybe I should always get cray when Im drunk because I work up to my apartment already cleaned,n
When you wake up to 17 text messages from Lauren and dont read them because you know theyre all drunk texts ,n
2EmChris lmfaooo my sister was drunk as hell last night but she called to tell me not to get pregnant,n
Sis still in the bed passed out  she was way drunk last night,n
Any ever been so drunk that they shit on the floor and dont remember it whatthefuckhappenedlastnight,n
Didnt think I was this drunk,y
Not sure if hungover or still drunk,y
 drunk,n
No matter how drunk I am when I get home I always manage to take my makeup off at night ,y
Oops hessss already dead but Whoo cares laughs at  saying in my drunk voice falls on the floor,n
I wasnt drunk but if i took another one  Hell nah id be DONE ,y
 Every drunk dialtextsex or bad decision made under the influence will be in your name Scouts honour ,y
I look forward to the day my 40 yearold neighbor outgrows his screaming drunk blonde girlfriend and screaming pissed off brunette wife,n
Damn Im stil drunk,y
 okay just wanted to prevent you from drunk driving,n
 Hahahaha Im so raging I hate drunk me ,y
ive been drunkwhat a nice parade today in itea,y
    that was a piss take song when they were drunk still sounds better than all of their songs,n
This is the best drunk typo in a text ever Last night was crazy osteoarthritis ,y
To get drunk or not to get drunk hmmmm,n
We woke up drunk so we started drinking again lol,y
Things you dont like to hear your Saturday night  driver say Im drunk,n
 im sorr y lis omg im just drunk,y
 You caught me Im always drunk,n
Its not even 10am yet but I really want to play this until Im too drunk to stand up whos in ,y
Current trying to decide if Im still drunk or nah Its 945am and Im not wearing pants,y
Still drunk ,y
 I never knew anyone else drunk that,n
Jizz still drunk WAITN on tyonna to get off so we can go eat,n
I wanna get drunk as fuck,n
I average about 4 hours of sleep a day and somehow I last longer then these kids lol so FUCK YOU little drunk snapchat girl ,n
 out to eat my ass drunk drunk drunk,n
I get paid to get drunk and make sure I have a fresh haircut every Monday ,y
Ay man if you plan to get drunk Dont drive Thats not cool,n
Ed Sheeran and Beyonc performed together drunk in love,n
Yo I was drunk asf last nigh,y
I wanna be drunk,n
Friend Dude I wasnt THAT drunk Me Dude you gave a mushroom to a midget and kept yelling GROW MARIO GROW,n
Thats that drunk shit,n
 and  singing Drunk in Love together omg ,n
Waking up still drunk is so bittersweet,y
Drunk Lexie in action yall  ,n
Im sure hes high and drunk as shit but dont say he be raping girls,n
 drunk at half 12 Some things never change lightweight,n
Watching the sunrise over lake Malawi whilst drunk at a music festival was one of the best experiences of my life,y
 When I said A drunk viper I literally just imagined a drunk snake ,n
lets get drunk and fuck,n
MF My auto correctdrunk big thumbs issues,n
 so true I was drunk when I tweeted that lol,y
Really think Im still drunk ,y
Drunk as fuck,y
I didnt get drunk last night and Im ok with it,n
ed and beyonce singing drunk in love acoustic my mother and father have blessed me,n
Waking up and going through the drunk texts you sent people is really not the one,n
Texas Capitol pizza ice cream souvenirs drunk men men jumping rope the joy of finding public bathrooms an exhilarating wipeout 5k,n
Anddd I wasnt even drunk last night ,n
I was so drunk last night ,y
Now I have to go in to work I still feel drunk Fuuuck,y
shouldnt be allowed near a computer when drunk,y
 right I actually looked for them at one point but was too drunk to find themHaha,y
Im the one that got drunk lastnight but was up for church while my parents knocked ,y
Wow I got so many drunk snapchats last night glad I was in everyones thoughts ,n
Waking up still drunk as fuck Isnt that the best lol,y
If I drunk tweet mute me,n
Wondering if abdiel woke up since he was drunk last night ,n
Its really hard to drunk enough water when Im really busy at work I just dont think about it ,n
Hate it when people tell me the things I was doing when Ive been drunk its so embarrassing ,y
Another manager is here and we open in 15 and here I amstill drunk LOL,y
I Was So Drunk Lastnight,y
last night I got really drunk and got the hiccups so bad that I threw up then ate a hot pocket watched naruto and went to bed wild,y
Why are people so much cooler when Im drunk,y
Why am I good at directions when Im drunk,y
